<?xml version="1.0" encoding="UTF-8"?>
<!DOCTYPE MudletPackage>
<MudletPackage version="1.0">
    <TriggerPackage>
        <Trigger isActive="yes" isFolder="no" isTempTrigger="no" isMultiline="no" isPerlSlashGOption="no" isColorizerTrigger="no" isFilterTrigger="no" isSoundTrigger="no" isColorTrigger="no" isColorTriggerFg="no" isColorTriggerBg="no">
            <name>GoldTracker Slain Party</name>
            <script>if goldtracker.names[matches[2]:lower()] then
  goldtracker.prepare = true
end -- if</script>
            <triggerType>0</triggerType>
            <conditonLineDelta>0</conditonLineDelta>
            <mStayOpen>0</mStayOpen>
            <mCommand></mCommand>
            <packageName></packageName>
            <mFgColor>#ff0000</mFgColor>
            <mBgColor>#ffff00</mBgColor>
            <mSoundFile></mSoundFile>
            <colorTriggerFgColor>#000000</colorTriggerFgColor>
            <colorTriggerBgColor>#000000</colorTriggerBgColor>
            <regexCodeList>
                <string>^.+ has been slain by (\w+)\.$</string>
            </regexCodeList>
            <regexCodePropertyList>
                <integer>1</integer>
            </regexCodePropertyList>
        </Trigger>
        <Trigger isActive="yes" isFolder="no" isTempTrigger="no" isMultiline="no" isPerlSlashGOption="no" isColorizerTrigger="no" isFilterTrigger="no" isSoundTrigger="no" isColorTrigger="no" isColorTriggerFg="no" isColorTriggerBg="no">
            <name>GoldTracker Slain You</name>
            <script>goldtracker.prepare = true</script>
            <triggerType>0</triggerType>
            <conditonLineDelta>0</conditonLineDelta>
            <mStayOpen>0</mStayOpen>
            <mCommand></mCommand>
            <packageName></packageName>
            <mFgColor>#ff0000</mFgColor>
            <mBgColor>#ffff00</mBgColor>
            <mSoundFile></mSoundFile>
            <colorTriggerFgColor>#000000</colorTriggerFgColor>
            <colorTriggerBgColor>#000000</colorTriggerBgColor>
            <regexCodeList>
                <string>You have slain</string>
            </regexCodeList>
            <regexCodePropertyList>
                <integer>2</integer>
            </regexCodePropertyList>
        </Trigger>
        <Trigger isActive="yes" isFolder="no" isTempTrigger="no" isMultiline="no" isPerlSlashGOption="no" isColorizerTrigger="no" isFilterTrigger="no" isSoundTrigger="no" isColorTrigger="no" isColorTriggerFg="no" isColorTriggerBg="no">
            <name>GoldTracker Gold</name>
            <script>goldtracker.pickup = goldtracker.prepare</script>
            <triggerType>0</triggerType>
            <conditonLineDelta>0</conditonLineDelta>
            <mStayOpen>0</mStayOpen>
            <mCommand></mCommand>
            <packageName></packageName>
            <mFgColor>#ff0000</mFgColor>
            <mBgColor>#ffff00</mBgColor>
            <mSoundFile></mSoundFile>
            <colorTriggerFgColor>#000000</colorTriggerFgColor>
            <colorTriggerBgColor>#000000</colorTriggerBgColor>
            <regexCodeList>
                <string>A tiny pile of sovereigns spills from the corpse.</string>
                <string>A small pile of sovereigns spills from the corpse.</string>
                <string>A large pile of sovereigns spills from the corpse.</string>
                <string>Numerous golden sovereigns spill from the corpse.</string>
                <string>A huge pile of sovereigns spills from the corpse.</string>
            </regexCodeList>
            <regexCodePropertyList>
                <integer>3</integer>
                <integer>3</integer>
                <integer>3</integer>
                <integer>3</integer>
                <integer>3</integer>
            </regexCodePropertyList>
        </Trigger>
        <Trigger isActive="yes" isFolder="no" isTempTrigger="no" isMultiline="no" isPerlSlashGOption="no" isColorizerTrigger="no" isFilterTrigger="no" isSoundTrigger="no" isColorTrigger="no" isColorTriggerFg="no" isColorTriggerBg="no">
            <name>GoldTracker Prompt</name>
            <script>if goldtracker.enabled and goldtracker.pickup then
  send (&quot;queue prepend eqbal put gold in &quot; .. (goldtracker.container or &quot;pack&quot;))
  send (&quot;queue prepend eqbal get gold&quot;)
end -- if

goldtracker.prepare = false
goldtracker.pickup = false</script>
            <triggerType>0</triggerType>
            <conditonLineDelta>0</conditonLineDelta>
            <mStayOpen>0</mStayOpen>
            <mCommand></mCommand>
            <packageName></packageName>
            <mFgColor>#ff0000</mFgColor>
            <mBgColor>#ffff00</mBgColor>
            <mSoundFile></mSoundFile>
            <colorTriggerFgColor>#000000</colorTriggerFgColor>
            <colorTriggerBgColor>#000000</colorTriggerBgColor>
            <regexCodeList>
                <string>return isPrompt()</string>
            </regexCodeList>
            <regexCodePropertyList>
                <integer>4</integer>
            </regexCodePropertyList>
        </Trigger>
        <Trigger isActive="yes" isFolder="no" isTempTrigger="no" isMultiline="no" isPerlSlashGOption="no" isColorizerTrigger="no" isFilterTrigger="no" isSoundTrigger="no" isColorTrigger="no" isColorTriggerFg="no" isColorTriggerBg="no">
            <name>GoldTracker Count</name>
            <script>if goldtracker.enabled then goldtracker.plus (tonumber (matches[2]), true) end</script>
            <triggerType>0</triggerType>
            <conditonLineDelta>0</conditonLineDelta>
            <mStayOpen>0</mStayOpen>
            <mCommand></mCommand>
            <packageName></packageName>
            <mFgColor>#ff0000</mFgColor>
            <mBgColor>#ffff00</mBgColor>
            <mSoundFile></mSoundFile>
            <colorTriggerFgColor>#000000</colorTriggerFgColor>
            <colorTriggerBgColor>#000000</colorTriggerBgColor>
            <regexCodeList>
                <string>^You (?:pick|scoop) up (\d+) gold sovereigns\.$</string>
            </regexCodeList>
            <regexCodePropertyList>
                <integer>1</integer>
            </regexCodePropertyList>
        </Trigger>
        <Trigger isActive="yes" isFolder="no" isTempTrigger="no" isMultiline="no" isPerlSlashGOption="no" isColorizerTrigger="no" isFilterTrigger="no" isSoundTrigger="no" isColorTrigger="no" isColorTriggerFg="no" isColorTriggerBg="no">
            <name>Gold Announce PT</name>
            <script>goldtracker.announce (&quot;party&quot;, matches[2])</script>
            <triggerType>0</triggerType>
            <conditonLineDelta>0</conditonLineDelta>
            <mStayOpen>0</mStayOpen>
            <mCommand></mCommand>
            <packageName></packageName>
            <mFgColor>#ff0000</mFgColor>
            <mBgColor>#ffff00</mBgColor>
            <mSoundFile></mSoundFile>
            <colorTriggerFgColor>#000000</colorTriggerFgColor>
            <colorTriggerBgColor>#000000</colorTriggerBgColor>
            <regexCodeList>
                <string>^\(Party\): (\w+) says, &quot;Gold (?:count|report)\.&quot;$</string>
            </regexCodeList>
            <regexCodePropertyList>
                <integer>1</integer>
            </regexCodePropertyList>
        </Trigger>
        <Trigger isActive="yes" isFolder="no" isTempTrigger="no" isMultiline="no" isPerlSlashGOption="no" isColorizerTrigger="no" isFilterTrigger="no" isSoundTrigger="no" isColorTrigger="no" isColorTriggerFg="no" isColorTriggerBg="no">
            <name>Gold Announce Tells</name>
            <script>goldtracker.announce (matches[2])</script>
            <triggerType>0</triggerType>
            <conditonLineDelta>0</conditonLineDelta>
            <mStayOpen>0</mStayOpen>
            <mCommand></mCommand>
            <packageName></packageName>
            <mFgColor>#ff0000</mFgColor>
            <mBgColor>#ffff00</mBgColor>
            <mSoundFile></mSoundFile>
            <colorTriggerFgColor>#000000</colorTriggerFgColor>
            <colorTriggerBgColor>#000000</colorTriggerBgColor>
            <regexCodeList>
                <string>^(\w+) tells you, &quot;Gold (?:count|report)\.&quot;$</string>
            </regexCodeList>
            <regexCodePropertyList>
                <integer>1</integer>
            </regexCodePropertyList>
        </Trigger>
    </TriggerPackage>
</MudletPackage>
