<?xml version="1.0" encoding="UTF-8"?>
<!DOCTYPE MudletPackage>
<MudletPackage version="1.0">
    <TriggerPackage>
        <Trigger isActive="yes" isFolder="no" isTempTrigger="no" isMultiline="no" isPerlSlashGOption="no" isColorizerTrigger="no" isFilterTrigger="no" isSoundTrigger="no" isColorTrigger="no" isColorTriggerFg="no" isColorTriggerBg="no">
            <name>GoldTracker Slain Party</name>
            <script>if goldtracker.names[matches[2]:lower()] then
  goldtracker.prepare = true
end -- if</script>
            <triggerType>0</triggerType>
            <conditonLineDelta>0</conditonLineDelta>
            <mStayOpen>0</mStayOpen>
            <mCommand></mCommand>
            <packageName></packageName>
            <mFgColor>#ff0000</mFgColor>
            <mBgColor>#ffff00</mBgColor>
            <mSoundFile></mSoundFile>
            <colorTriggerFgColor>#000000</colorTriggerFgColor>
            <colorTriggerBgColor>#000000</colorTriggerBgColor>
            <regexCodeList>
                <string>^.+ has been slain by (\w+)\.$</string>
            </regexCodeList>
            <regexCodePropertyList>
                <integer>1</integer>
            </regexCodePropertyList>
        </Trigger>
        <Trigger isActive="yes" isFolder="no" isTempTrigger="no" isMultiline="no" isPerlSlashGOption="no" isColorizerTrigger="no" isFilterTrigger="no" isSoundTrigger="no" isColorTrigger="no" isColorTriggerFg="no" isColorTriggerBg="no">
            <name>GoldTracker Slain You</name>
            <script>goldtracker.prepare = true</script>
            <triggerType>0</triggerType>
            <conditonLineDelta>0</conditonLineDelta>
            <mStayOpen>0</mStayOpen>
            <mCommand></mCommand>
            <packageName></packageName>
            <mFgColor>#ff0000</mFgColor>
            <mBgColor>#ffff00</mBgColor>
            <mSoundFile></mSoundFile>
            <colorTriggerFgColor>#000000</colorTriggerFgColor>
            <colorTriggerBgColor>#000000</colorTriggerBgColor>
            <regexCodeList>
                <string>You have slain</string>
            </regexCodeList>
            <regexCodePropertyList>
                <integer>2</integer>
            </regexCodePropertyList>
        </Trigger>
        <Trigger isActive="yes" isFolder="no" isTempTrigger="no" isMultiline="no" isPerlSlashGOption="no" isColorizerTrigger="no" isFilterTrigger="no" isSoundTrigger="no" isColorTrigger="no" isColorTriggerFg="no" isColorTriggerBg="no">
            <name>GoldTracker Gold</name>
            <script>goldtracker.pickup = goldtracker.prepare</script>
            <triggerType>0</triggerType>
            <conditonLineDelta>0</conditonLineDelta>
            <mStayOpen>0</mStayOpen>
            <mCommand></mCommand>
            <packageName></packageName>
            <mFgColor>#ff0000</mFgColor>
            <mBgColor>#ffff00</mBgColor>
            <mSoundFile></mSoundFile>
            <colorTriggerFgColor>#000000</colorTriggerFgColor>
            <colorTriggerBgColor>#000000</colorTriggerBgColor>
            <regexCodeList>
                <string>A tiny pile of sovereigns spills from the corpse.</string>
                <string>A small pile of sovereigns spills from the corpse.</string>
                <string>A large pile of sovereigns spills from the corpse.</string>
                <string>Numerous golden sovereigns spill from the corpse.</string>
                <string>A huge pile of sovereigns spills from the corpse.</string>
            </regexCodeList>
            <regexCodePropertyList>
                <integer>3</integer>
                <integer>3</integer>
                <integer>3</integer>
                <integer>3</integer>
                <integer>3</integer>
            </regexCodePropertyList>
        </Trigger>
        <Trigger isActive="yes" isFolder="no" isTempTrigger="no" isMultiline="no" isPerlSlashGOption="no" isColorizerTrigger="no" isFilterTrigger="no" isSoundTrigger="no" isColorTrigger="no" isColorTriggerFg="no" isColorTriggerBg="no">
            <name>GoldTracker Prompt</name>
            <script>if goldtracker.enabled and goldtracker.pickup then
  if goldtracker.getalias then
    send (&quot;queue prepend eqbal &quot; .. goldtracker.getalias)
  else
    send (&quot;queue prepend eqbal put gold in &quot; .. (goldtracker.container or &quot;pack&quot;))
    send (&quot;queue prepend eqbal get gold&quot;)
  end -- if
end -- if

goldtracker.prepare = false
goldtracker.pickup = false</script>
            <triggerType>0</triggerType>
            <conditonLineDelta>0</conditonLineDelta>
            <mStayOpen>0</mStayOpen>
            <mCommand></mCommand>
            <packageName></packageName>
            <mFgColor>#ff0000</mFgColor>
            <mBgColor>#ffff00</mBgColor>
            <mSoundFile></mSoundFile>
            <colorTriggerFgColor>#000000</colorTriggerFgColor>
            <colorTriggerBgColor>#000000</colorTriggerBgColor>
            <regexCodeList>
                <string>return isPrompt()</string>
            </regexCodeList>
            <regexCodePropertyList>
                <integer>4</integer>
            </regexCodePropertyList>
        </Trigger>
        <Trigger isActive="yes" isFolder="no" isTempTrigger="no" isMultiline="no" isPerlSlashGOption="no" isColorizerTrigger="no" isFilterTrigger="no" isSoundTrigger="no" isColorTrigger="no" isColorTriggerFg="no" isColorTriggerBg="no">
            <name>GoldTracker Count</name>
            <script>if goldtracker.enabled then goldtracker.plus (tonumber (matches[2]), true) end</script>
            <triggerType>0</triggerType>
            <conditonLineDelta>0</conditonLineDelta>
            <mStayOpen>0</mStayOpen>
            <mCommand></mCommand>
            <packageName></packageName>
            <mFgColor>#ff0000</mFgColor>
            <mBgColor>#ffff00</mBgColor>
            <mSoundFile></mSoundFile>
            <colorTriggerFgColor>#000000</colorTriggerFgColor>
            <colorTriggerBgColor>#000000</colorTriggerBgColor>
            <regexCodeList>
                <string>^You (?:pick|scoop) up (\d+) gold sovereigns\.$</string>
            </regexCodeList>
            <regexCodePropertyList>
                <integer>1</integer>
            </regexCodePropertyList>
        </Trigger>
        <Trigger isActive="yes" isFolder="no" isTempTrigger="no" isMultiline="no" isPerlSlashGOption="no" isColorizerTrigger="no" isFilterTrigger="no" isSoundTrigger="no" isColorTrigger="no" isColorTriggerFg="no" isColorTriggerBg="no">
            <name>Gold Announce PT</name>
            <script>goldtracker.announce (&quot;party&quot;, matches[2])</script>
            <triggerType>0</triggerType>
            <conditonLineDelta>0</conditonLineDelta>
            <mStayOpen>0</mStayOpen>
            <mCommand></mCommand>
            <packageName></packageName>
            <mFgColor>#ff0000</mFgColor>
            <mBgColor>#ffff00</mBgColor>
            <mSoundFile></mSoundFile>
            <colorTriggerFgColor>#000000</colorTriggerFgColor>
            <colorTriggerBgColor>#000000</colorTriggerBgColor>
            <regexCodeList>
                <string>^\(Party\): (\w+) says, &quot;Gold (?:count|report)\.&quot;$</string>
            </regexCodeList>
            <regexCodePropertyList>
                <integer>1</integer>
            </regexCodePropertyList>
        </Trigger>
        <Trigger isActive="yes" isFolder="no" isTempTrigger="no" isMultiline="no" isPerlSlashGOption="no" isColorizerTrigger="no" isFilterTrigger="no" isSoundTrigger="no" isColorTrigger="no" isColorTriggerFg="no" isColorTriggerBg="no">
            <name>Gold Announce Tells</name>
            <script>goldtracker.announce (matches[2])</script>
            <triggerType>0</triggerType>
            <conditonLineDelta>0</conditonLineDelta>
            <mStayOpen>0</mStayOpen>
            <mCommand></mCommand>
            <packageName></packageName>
            <mFgColor>#ff0000</mFgColor>
            <mBgColor>#ffff00</mBgColor>
            <mSoundFile></mSoundFile>
            <colorTriggerFgColor>#000000</colorTriggerFgColor>
            <colorTriggerBgColor>#000000</colorTriggerBgColor>
            <regexCodeList>
                <string>^(\w+) tells you, &quot;Gold (?:count|report)\.&quot;$</string>
            </regexCodeList>
            <regexCodePropertyList>
                <integer>1</integer>
            </regexCodePropertyList>
        </Trigger>
    </TriggerPackage>
    <AliasPackage>
        <Alias isActive="yes" isFolder="no">
            <name>GoldTracker Toggle</name>
            <script>goldtracker.toggle (matches[2])</script>
            <command></command>
            <packageName></packageName>
            <regex>^\s*gold(?:tracker)?\s*(on|off)\s*$</regex>
        </Alias>
        <Alias isActive="yes" isFolder="no">
            <name>GoldTracker Display</name>
            <script>goldtracker.display ()</script>
            <command></command>
            <packageName></packageName>
            <regex>^\s*gold(?:tracker)?\s*$</regex>
        </Alias>
        <Alias isActive="yes" isFolder="no">
            <name>GoldTracker Add/Remove/Pause/Unpause</name>
            <script>goldtracker[matches[2]:lower ()] (matches[3])</script>
            <command></command>
            <packageName></packageName>
            <regex>^\s*gold(?:tracker)?\s*(add|remove|pause|unpause)\s+([A-Za-z]+)\s*$</regex>
        </Alias>
        <Alias isActive="yes" isFolder="no">
            <name>GoldTracker Plus/Minus</name>
            <script>goldtracker[matches[2]:lower ()] (matches[3])</script>
            <command></command>
            <packageName></packageName>
            <regex>^\s*gold(?:tracker)?\s*(plus|minus)\s+(\d+)\s*$</regex>
        </Alias>
        <Alias isActive="yes" isFolder="no">
            <name>GoldTracker Reset</name>
            <script>goldtracker.reset ()</script>
            <command></command>
            <packageName></packageName>
            <regex>^\s*gold(?:tracker)?\s*reset\s*$</regex>
        </Alias>
        <Alias isActive="yes" isFolder="no">
            <name>GoldTracker Help</name>
            <script>goldtracker.help ()</script>
            <command></command>
            <packageName></packageName>
            <regex>^\s*gold(?:tracker)?\s*help\s*$</regex>
        </Alias>
        <Alias isActive="yes" isFolder="no">
            <name>GoldTracker Set Org</name>
            <script>goldtracker.setorg (matches[2]:lower (), tonumber (matches[3]))</script>
            <command></command>
            <packageName></packageName>
            <regex>^\s*gold(?:tracker)?\s*set\s+(\w+)\s+(\d+)\s*$</regex>
        </Alias>
        <Alias isActive="yes" isFolder="no">
            <name>GoldTracker Unset Org</name>
            <script>goldtracker.unsetorg ()</script>
            <command></command>
            <packageName></packageName>
            <regex>^\s*gold(?:tracker)?\s*unset\s*$</regex>
        </Alias>
    </AliasPackage>
    <ScriptPackage>
        <Script isActive="yes" isFolder="no">
            <name>GoldTracker</name>
            <packageName></packageName>
            <script>local me = &quot;Trevize&quot;
local commandseparator = &quot;;&quot;
local getalias = false
local container = false

local promptfunction = function ()
  cecho (&quot;\n&quot;)
end -- func


color_table.msGold = {255,215,0}
color_table.msSilver = {160,160,160}

goldtracker = goldtracker or {}

goldtracker.enabled = goldtracker.enabled or false
goldtracker.prepare = goldtracker.prepare or false
goldtracker.pickup = goldtracker.pickup or false
goldtracker.names = goldtracker.names or {[me:lower()] = 0}
goldtracker.paused = goldtracker.paused or {}
goldtracker.num = goldtracker.num or 1
goldtracker.total = goldtracker.total or 0
goldtracker.org = goldtracker.org or {name = false, percent = 0, gold = 0}
goldtracker.cs = commandseparator
goldtracker.getalias = getalias
goldtracker.container = container
goldtracker.showprompt = promptfunction


goldtracker.echo = function (x)
  cecho (&quot;&lt;msSilver&gt;[&lt;msGold&gt;GoldTracker&lt;msSilver&gt;]: &quot; .. x .. &quot;&lt;reset&gt;\n&quot;)
end -- if


goldtracker.display = function ()
  local x = goldtracker.enabled and &quot;&lt;msGold&gt;enabled&quot; or &quot;&lt;msSilver&gt;disabled&quot;
  cecho (&quot;\n&quot;)
  cecho (&quot;     &lt;msGold&gt;GoldTracker &quot; .. x .. &quot;\n&quot;)
  cecho (&quot;\n&quot;)
  cecho (&quot;      &lt;msSilver&gt;Total gold: &lt;msGold&gt;&quot; .. goldtracker.total .. &quot;\n&quot;)
  if goldtracker.org.name then
    local name = goldtracker.org.name
    local gold = math.floor (goldtracker.org.gold)
    cecho (&quot;\n&quot;)
    local percent = goldtracker.org.percent
    cecho (&quot;  &lt;msSilver&gt;&quot; .. string.format (&quot;%14s&quot;, name:title ()) ..
           &quot;: &lt;msGold&gt;&quot; .. string.format (&quot;%-8s&quot;, gold) ..
           &quot; &lt;msSilver&gt;(&quot; .. percent ..  &quot;%)\n&quot;)
  end -- if
  if goldtracker.num &gt; 0 then cecho (&quot;\n&quot;) end
  for k, v in pairs (goldtracker.names) do
    local v = math.floor (v)
    cecho (&quot;  &lt;msSilver&gt;&quot; .. string.format (&quot;%14s&quot;, k:title ()) .. &quot;: &lt;msGold&gt;&quot; .. v .. &quot;\n&quot;)
  end -- for
  if table.size (goldtracker.paused) &gt; 0 then cecho (&quot;\n&quot;) end
  for k, v in pairs (goldtracker.paused) do
    local v = math.floor (v)
    cecho (&quot;  &lt;msSilver&gt;&quot; .. string.format (&quot;%14s&quot;, k:title ()) .. &quot;: &quot; .. v .. &quot;\n&quot;)
  end -- for
  cecho (&quot;&lt;reset&gt;\n&quot;)
  goldtracker.showprompt ()
end -- func


goldtracker.toggle = function (enabled)
  local x = goldtracker
  enabled = enabled:lower () == &quot;on&quot;
  x.enabled = enabled
  enabled = enabled and &quot;&lt;msGold&gt;enabled&quot; or &quot;&lt;msSilver&gt;disabled&quot;
  x.echo (&quot;tracking &quot; .. enabled)
  x.showprompt ()
end -- func


goldtracker.plus = function (amt, noecho)
  local x = goldtracker
  local i = amt
  if x.org.name then
    x.org.gold =  x.org.gold + i * (x.org.percent/100)
    i = i * ( 1 - x.org.percent/100)
  end -- if
  i = i/x.num
  for k, v in pairs (x.names) do
    x.names[k] = v + i
  end -- for
  x.total = x.total + amt
  if not noecho then
    x.echo (&quot;&lt;msGold&gt;&quot; .. amt .. &quot; &lt;msSilver&gt;gold added&quot;)
    x.showprompt ()
  end -- if
end -- func


goldtracker.minus = function (amt)
  local x = goldtracker
  local i = amt
  if x.org.name then
    x.org.gold =  x.org.gold - i * (x.org.percent/100)
    i = i * ( 1 - x.org.percent/100)
  end -- if
  i = i/x.num
  for k, v in pairs (x.names) do
    x.names[k] = v - i
  end -- for
  x.total = x.total - amt
  x.echo (&quot;&lt;msGold&gt;&quot; .. amt .. &quot; &lt;msSilver&gt;gold removed&quot;)
  x.showprompt ()
end -- func

 
goldtracker.add = function (name)
  local name = name:lower()
  local x = goldtracker
  if x.names[name] == nil then
    x.echo (&quot;added &lt;msGold&gt;&quot; .. name:title () .. &quot; &lt;msSilver&gt;to tracking&quot;)
    x.names[name] = 0
    x.num = x.num + 1
  else
    x.echo (&quot;&lt;msGold&gt;&quot; .. name:title () .. &quot; &lt;msSilver&gt;is already being tracked&quot;)
  end -- if
  x.showprompt ()
end -- func


goldtracker.remove = function (name)
  local name = name:lower()
  local x = goldtracker
  if x.names[name] ~= nil then
    x.echo (&quot;removed &lt;msGold&gt;&quot; .. name:title () .. &quot; &lt;msSilver&gt;from tracking&quot;)
    x.echo (&quot;&lt;msGold&gt;&quot; .. name:title () .. &quot; &lt;msSilver&gt;was at &lt;msGold&gt;&quot; .. math.floor (x.names[name]) .. &quot; &lt;msSilver&gt;gold&quot;)
    x.names[name] = nil
    x.num = x.num - 1
  else
    x.echo (&quot;&lt;msGold&gt;&quot; .. name .. &quot; &lt;msSilver&gt;is not currently being tracked&quot;)
  end -- if
  x.showprompt ()
end -- func


goldtracker.setorg = function (name, percent)
  name = name:lower ()
  local x = goldtracker
  if percent &gt; 100 then
    x.echo (&quot;org percent should be between 0 and 100.&quot;)
  elseif x.org.name == name and x.org.percent == percent then
    x.echo (&quot;no change made to the org or percent&quot;)
  else
    if x.org.name == false then
      x.echo (&quot;org set to &lt;msGold&gt;&quot; .. name .. &quot;&quot;)
    elseif x.org.name ~= name then
      x.echo (&quot;org changed from &lt;msGold&gt;&quot; .. x.org.name:title () .. &quot; &lt;msSilver&gt;to &lt;msGold&gt;&quot; .. name:title ())
    end -- if
    if x.org.percent == 0 then
      x.echo (&quot;org percent set to &lt;msGold&gt;&quot;.. percent .. &quot;%&quot;)
    elseif x.org.percent ~= percent then
      x.echo (&quot;org percent changed from &lt;msGold&gt;&quot; .. x.org.percent .. &quot;% &lt;msSilver&gt;to &lt;msGold&gt;&quot; .. percent .. &quot;%&quot;)
    end -- if
    x.org.name = name
    x.org.percent = percent
  end -- if
  x.showprompt ()
end -- func


goldtracker.unsetorg = function ()
  local x = goldtracker
  if x.org.name == false then
    x.echo (&quot;no org currently set&quot;)
  else
    x.echo (&quot;org unset&quot;)
    x.echo (&quot;org &lt;msGold&gt;&quot; .. x.org.name:title () .. &quot; &lt;msSilver&gt;was collecting &lt;msGold&gt;&quot; ..
            x.org.percent .. &quot;% &lt;msSilver&gt;and had &lt;msGold&gt;&quot; .. x.org.gold)
  end -- if
  x.org = {name = false, percent = 0, gold = 0}
  x.showprompt ()
end -- func


goldtracker.pause = function (name)
  local name = name:lower()
  local x = goldtracker
  if x.names[name] ~= nil then
    x.echo (&quot;gold tracking for &lt;msGold&gt;&quot; .. name:title () .. &quot; &lt;msSilver&gt;paused&quot;)
    x.paused[name] = x.names[name]
    x.names[name] = nil
    x.num = x.num - 1
  else
    x.echo (&quot;&lt;msGold&gt;&quot; .. name:title () .. &quot; &lt;msSilver&gt;is not currently being tracked&quot;)
  end -- if
  x.showprompt ()
end -- func


goldtracker.unpause = function (name)
  local name = name:lower()
  local x = goldtracker
  if x.paused[name] then
    x.echo (&quot;gold tracking for &lt;msGold&gt;&quot; .. name:title () .. &quot; &lt;msSilver&gt;unpaused&quot;)
    x.names[name] = x.paused[name]
    x.paused[name] = nil
    x.num = x.num + 1
  else
    x.echo (&quot;&lt;msGold&gt;&quot; .. name:title () .. &quot; &lt;msSilver&gt;is not currently paused&quot;)
  end -- if
  x.showprompt ()
end -- func


goldtracker.reset = function ()
  local x = goldtracker
  x.display ()
  x.enabled = false
  x.names = {[gmcp.Char.Name.name:lower()] = 0}
  x.paused = {}
  x.org = {name = false, percent = 0, gold = 0}
  x.num = 1
  x.total = 0
  x.echo (&quot;reset&quot;)
  x.showprompt ()
end -- func


goldtracker.announce = function (tar, origin)
  if goldtracker.enabled then
    tar = tar:lower ()
    if origin then origin = origin:lower () end
    if tar == &quot;party&quot; and goldtracker.names[origin] then
      local x = &quot;&quot;
      x = &quot;pt We've made &quot; .. goldtracker.total .. &quot; gold this trip.&quot;
      if goldtracker.org.name then
        local o = goldtracker.org
        x = x .. goldtracker.cs .. &quot;pt We've collected &quot; .. o.gold .. &quot; gold for &quot; .. o.name:title ()
      end -- if
      for k, v in pairs (goldtracker.names) do
        local gold = math.floor(v)
        x = x .. goldtracker.cs .. &quot;pt  &quot; .. k .. &quot; has &quot; .. gold .. &quot; gold.&quot;
      end -- for
      for k, v in pairs (goldtracker.paused) do
        local gold = math.floor(v)
        x = x .. goldtracker.cs .. &quot;pt  &quot; .. k .. &quot; has &quot; .. gold .. &quot; gold - paused.&quot;
      end -- for
      expandAlias (x)
    elseif goldtracker.names[tar] then
      local gold = math.floor (goldtracker.names[tar:lower ()])
      send (&quot;tell &quot; .. tar .. &quot; You currently have &quot; .. gold .. &quot; gold&quot;)
    elseif goldtracker.paused[tar] then
      local gold = math.floor (goldtracker.paused[tar:lower ()])
      send (&quot;tell &quot; .. tar .. &quot; You currently have &quot; .. gold .. &quot; gold&quot;)
    end -- if
  end -- if
end -- func


goldtracker.help = function ()
    cecho (&quot;\n&quot;)
    cecho (&quot;&lt;msGold&gt;GOLDTRACKER COMMANDS &lt;msSilver&gt;(use lowercase)\n&quot;)
    cecho (&quot;\n&quot;)
    cecho (&quot;  &lt;msGold&gt;GOLDTRACKER &lt;msSilver&gt;- show the current gold distribution\n&quot;)
    cecho (&quot;  &lt;msGold&gt;GOLDTRACKER &lt;ON|OFF&gt; &lt;msSilver&gt;- turn the tracker on or off\n&quot;)
    cecho (&quot;  &lt;msGold&gt;GOLDTRACKER &lt;ADD|REMOVE&gt; &lt;name&gt; &lt;msSilver&gt;- add or remove a person\n&quot;)
    cecho (&quot;  &lt;msGold&gt;GOLDTRACKER &lt;SET|UNSET&gt; &lt;name&gt; &lt;percent&gt; &lt;msSilver&gt;- allocate to an org\n&quot;)
    cecho (&quot;  &lt;msGold&gt;GOLDTRACKER &lt;PAUSE|UNPAUSE&gt; &lt;name&gt; &lt;msSilver&gt;- pause or unpause gold tracking\n&quot;)
    cecho (&quot;  &lt;msGold&gt;GOLDTRACKER &lt;PLUS|MINUS&gt; &lt;#&gt; &lt;msSilver&gt;- add or remove gold manually\n&quot;)
    cecho (&quot;  &lt;msGold&gt;GOLDTRACKER RESET &lt;msSilver&gt;- display the current gold and reset the tracker\n&quot;)
    cecho (&quot;\n&quot;)
    cecho (&quot;&lt;msGold&gt;Settings &lt;msSilver&gt;can be adjusted at the top of the script. Make sure to set\n&quot;)
    cecho (&quot;&lt;msSilver&gt;your name if nothing else! You can also set a container or ingame\n&quot;)
    cecho (&quot;&lt;msSilver&gt;alias, an ingame command separator, and a prompt function.\n&quot;)
    cecho (&quot;\n&quot;)
    cecho (&quot;&lt;msSilver&gt;People tracked can say &lt;msGold&gt;gold report &lt;msSilver&gt;over PT or via tells.\n&quot;)
    cecho (&quot;\n&quot;)
    cecho (&quot;&lt;msSilver&gt;For aliases, you can use &lt;msGold&gt;gold &lt;msSilver&gt;in the place of &lt;msGold&gt;goldtracker&lt;msSilver&gt;.\n&quot;)
    cecho (&quot;\n&quot;)
    goldtracker.showprompt ()
end -- func

goldtracker.version = &quot;GoldTracker 1.1&quot;</script>
            <eventHandlerList/>
        </Script>
    </ScriptPackage>
</MudletPackage>
