<?xml version="1.0" encoding="UTF-8"?>
<!DOCTYPE MudletPackage>
<MudletPackage version="1.0">
    <AliasPackage>
        <Alias isActive="yes" isFolder="no">
            <name>GoldTracker Toggle</name>
            <script>goldtracker.toggle (matches[2])</script>
            <command></command>
            <packageName></packageName>
            <regex>^\s*gold(?:tracker)?\s*(on|off)\s*$</regex>
        </Alias>
        <Alias isActive="yes" isFolder="no">
            <name>GoldTracker Display</name>
            <script>goldtracker.display ()</script>
            <command></command>
            <packageName></packageName>
            <regex>^\s*gold(?:tracker)?\s*$</regex>
        </Alias>
        <Alias isActive="yes" isFolder="no">
            <name>GoldTracker Add/Remove/Pause/Unpause</name>
            <script>goldtracker[matches[2]:lower ()] (matches[3])</script>
            <command></command>
            <packageName></packageName>
            <regex>^\s*gold(?:tracker)?\s*(add|remove|pause|unpause)\s+([A-Za-z]+)\s*$</regex>
        </Alias>
        <Alias isActive="yes" isFolder="no">
            <name>GoldTracker Plus/Minus</name>
            <script>goldtracker[matches[2]:lower ()] (matches[3])</script>
            <command></command>
            <packageName></packageName>
            <regex>^\s*gold(?:tracker)?\s*(plus|minus)\s+(\d+)\s*$</regex>
        </Alias>
        <Alias isActive="yes" isFolder="no">
            <name>GoldTracker Reset</name>
            <script>goldtracker.reset ()</script>
            <command></command>
            <packageName></packageName>
            <regex>^\s*gold(?:tracker)?\s*reset\s*$</regex>
        </Alias>
        <Alias isActive="yes" isFolder="no">
            <name>GoldTracker Help</name>
            <script>goldtracker.help ()</script>
            <command></command>
            <packageName></packageName>
            <regex>^\s*gold(?:tracker)?\s*help\s*$</regex>
        </Alias>
        <Alias isActive="yes" isFolder="no">
            <name>GoldTracker Set Org</name>
            <script>goldtracker.setorg (matches[2]:lower (), tonumber (matches[3]))</script>
            <command></command>
            <packageName></packageName>
            <regex>^\s*gold(?:tracker)?\s*set\s+(\w+)\s+(\d+)\s*$</regex>
        </Alias>
        <Alias isActive="yes" isFolder="no">
            <name>GoldTracker Unset Org</name>
            <script>goldtracker.unsetorg ()</script>
            <command></command>
            <packageName></packageName>
            <regex>^\s*gold(?:tracker)?\s*unset\s*$</regex>
        </Alias>
    </AliasPackage>
</MudletPackage>
