<?xml version="1.0" encoding="UTF-8"?>
<!DOCTYPE MudletPackage>
<MudletPackage version="1.0">
    <TriggerPackage>
        <Trigger isActive="yes" isFolder="no" isTempTrigger="no" isMultiline="no" isPerlSlashGOption="no" isColorizerTrigger="no" isFilterTrigger="no" isSoundTrigger="no" isColorTrigger="no" isColorTriggerFg="no" isColorTriggerBg="no">
            <name>mData Initialize</name>
            <script>raiseEvent (&quot;mData.init&quot;)</script>
            <triggerType>0</triggerType>
            <conditonLineDelta>0</conditonLineDelta>
            <mStayOpen>0</mStayOpen>
            <mCommand></mCommand>
            <packageName></packageName>
            <mFgColor>#ff0000</mFgColor>
            <mBgColor>#ffff00</mBgColor>
            <mSoundFile></mSoundFile>
            <colorTriggerFgColor>#000000</colorTriggerFgColor>
            <colorTriggerBgColor>#000000</colorTriggerBgColor>
            <regexCodeList>
                <string>Password correct. Welcome to Achaea.</string>
            </regexCodeList>
            <regexCodePropertyList>
                <integer>0</integer>
            </regexCodePropertyList>
        </Trigger>
        <Trigger isActive="yes" isFolder="no" isTempTrigger="no" isMultiline="no" isPerlSlashGOption="no" isColorizerTrigger="no" isFilterTrigger="no" isSoundTrigger="no" isColorTrigger="no" isColorTriggerFg="no" isColorTriggerBg="no">
            <name>mData Slain</name>
            <script>sendGMCP (&quot;Char.Items.Room&quot;)</script>
            <triggerType>0</triggerType>
            <conditonLineDelta>0</conditonLineDelta>
            <mStayOpen>0</mStayOpen>
            <mCommand></mCommand>
            <packageName></packageName>
            <mFgColor>#ff0000</mFgColor>
            <mBgColor>#ffff00</mBgColor>
            <mSoundFile></mSoundFile>
            <colorTriggerFgColor>#000000</colorTriggerFgColor>
            <colorTriggerBgColor>#000000</colorTriggerBgColor>
            <regexCodeList>
                <string>You have slain</string>
                <string>has been slain by</string>
            </regexCodeList>
            <regexCodePropertyList>
                <integer>2</integer>
                <integer>0</integer>
            </regexCodePropertyList>
        </Trigger>
    </TriggerPackage>
    <TimerPackage/>
    <AliasPackage>
        <Alias isActive="yes" isFolder="no">
            <name>mData ShowAll</name>
            <script>mData.showall ()</script>
            <command></command>
            <packageName></packageName>
            <regex>^\s*m[Dd]ata\s*$</regex>
        </Alias>
        <Alias isActive="yes" isFolder="no">
            <name>mData ShowTable</name>
            <script>mData.showtable (matches[2])</script>
            <command></command>
            <packageName></packageName>
            <regex>^\s*m[Dd]ata[ \.](\w+)\s*$</regex>
        </Alias>
        <Alias isActive="yes" isFolder="no">
            <name>mData ShowItemTable</name>
            <script>mData.showitems (matches[2])</script>
            <command></command>
            <packageName></packageName>
            <regex>^\s*m[Dd]ata[ \.]items[ \.](\w+)\s*$</regex>
        </Alias>
        <Alias isActive="yes" isFolder="no">
            <name>mData Inventory</name>
            <script>sendGMCP (&quot;Char.Items.Inv&quot;)
send (matches[1])</script>
            <command></command>
            <packageName></packageName>
            <regex>^\s*i(?:nv(?:entory)?)?\s*$</regex>
        </Alias>
    </AliasPackage>
    <ActionPackage/>
    <ScriptPackage>
        <Script isActive="yes" isFolder="no">
            <name>mData Script</name>
            <packageName></packageName>
            <script>mData = mData or {}

color_table.msSilver = {160,160,160}

mData.directory = {&quot;me&quot;, &quot;stats&quot;, &quot;currency&quot;, &quot;room&quot;, &quot;items&quot;, &quot;players&quot;, &quot;comms&quot;}
mData.revdirectory = {}
for k, v in ipairs (mData.directory) do
  mData.revdirectory[v] = k
end -- for


mData.showall = function ()
    cecho (&quot;\n&quot;)
    cecho (&quot;&lt;msSilver&gt;mData tables:\n&quot;)
    cecho (&quot;\n&quot;)
    for k, v in pairs (mData.directory) do
      cecho (&quot;&lt;msSilver&gt;  mData.&quot; .. v .. &quot;\n&quot;)
    end -- for
    cecho (&quot;\n&quot;)
    cecho (&quot;&lt;msSilver&gt;type any of the above to see what data is stored\n&quot;)
    cecho (&quot;\n&quot;)
    cecho (&quot;&lt;msSilver&gt;tip: events are raised when data changes,\n&quot;)
    cecho (&quot;&lt;msSilver&gt;     with the same name as the tables\n&quot;)
    cecho (&quot;\n&quot;)
end -- func


mData.showtable = function (t)
  t = t:lower ()
  if mData.revdirectory[t] then
    cecho (&quot;&lt;msSilver&gt;mData.&quot; .. t .. &quot; contents:\n&quot;)
    cecho (&quot;\n&quot;)
    for k, v in ipairs (mData[t].directory) do
      if type (mData[t][v]) == &quot;table&quot; then
        cecho (&quot;&lt;msSilver&gt;  mData.&quot; .. t .. &quot;.&quot; .. v .. &quot;: (table)\n&quot;)
      elseif type (mData[t][v]) == &quot;string&quot; then
        local x = mData[t][v]
        cecho (&quot;&lt;msSilver&gt;  mData.&quot; .. t .. &quot;.&quot; .. v .. &quot;: \&quot;&quot; .. tostring (x) .. &quot;\&quot;\n&quot;)
      elseif type (mData[t][v]) == &quot;number&quot; then
        local x = mData[t][v]
        cecho (&quot;&lt;msSilver&gt;  mData.&quot; .. t .. &quot;.&quot; .. v .. &quot;: &quot; .. tostring (x) .. &quot;\n&quot;)
      end -- if
    end -- for
    if mData[t].description then
      cecho (&quot;\n&quot;)
      for k, v in ipairs (mData[t].description) do
        cecho (&quot;&lt;msSilver&gt;  &quot; .. v .. &quot;\n&quot;)
      end -- for
    end -- if
  else
    cecho (&quot;&lt;msSilver&gt;mData.&quot; .. t .. &quot; invalid.\n&quot;)
  end -- if
  cecho (&quot;\n&quot;)
end -- func


mData.showitems = function (t)
  t = t:lower ()
  local m = mData.items
  if t == &quot;denizenlist&quot; then
    cecho (&quot;&lt;msSilver&gt;mData.items.&quot; .. t .. &quot; contents:\n&quot;)
    cecho (&quot;\n&quot;)
    for k, v in pairs (m[t]) do
      local x = &quot;&lt;msSilver&gt;mData.items.&quot; .. t .. &quot;[\&quot;&quot; .. k .. &quot;\&quot;] = \&quot;&quot; .. v .. &quot;\&quot;\n&quot;
      cecho (x)
    end -- for
  elseif m[t] then
    cecho (&quot;&lt;msSilver&gt;mData.items.&quot; .. t .. &quot; contents:\n&quot;)
    cecho (&quot;\n&quot;)
    for k, v in pairs (m[t]) do
      local x = &quot;&lt;msSilver&gt;mData.items.&quot; .. t .. &quot;[\&quot;&quot; .. k .. &quot;\&quot;] = {&quot;
      x = x .. &quot;name=\&quot;&quot; .. v.name .. &quot;\&quot;&quot;
      for p in pairs (v) do
        if p ~= &quot;name&quot; then
          x = x .. &quot;, &quot; .. p .. &quot;=true&quot;
        end -- for
      end -- for
      x = x .. &quot;}\n&quot;
      cecho (x)
    end -- for
  else
    cecho (&quot;&lt;msSilver&gt;mData.items.&quot; .. t .. &quot; invalid.\n&quot;)
  end -- if
  cecho (&quot;\n&quot;)
end -- func


-- ====
--  Me
-- ====

mData.me = mData.me or {
  name = &quot;&quot;, prefix = &quot;&quot;, suffix = &quot;&quot;, fullname = &quot;&quot;,
  race = &quot;&quot;, racespec = &quot;&quot;, fullrace = &quot;&quot;, class = &quot;&quot;, gender = &quot;&quot;,
  level = 5, xp = 0,
  target = &quot;&quot;,
  }

mData.me.directory = {
  &quot;name&quot;, &quot;prefix&quot;, &quot;suffix&quot;, &quot;fullname&quot;,
  &quot;race&quot;, &quot;racespec&quot;, &quot;fullrace&quot;, &quot;class&quot;, &quot;gender&quot;,
  &quot;level&quot;, &quot;xp&quot;, &quot;target&quot;
  }


mData.me.parse = function ()
  local g = gmcp.Char.Status
  local m = mData.me

  m.name = g.name
  m.fullname = g.fullname
  m.prefix = string.match (g.fullname, &quot;(.+)&quot; .. m.name)
  m.suffix = string.match (g.fullname, m.name .. &quot;(.+)&quot;)
  m.race = g.race
  m.racespec = g.specialisation
  local havespec = racespec ~= &quot;&quot;
  m.fullrace = havespec and (m.race .. &quot; &quot; .. m.racespec) or m.race
  local isdragon = m.race == &quot;Dragon&quot;
  m.class = isdragon and &quot;Dragon&quot; or g.class
  m.gender = g.gender
  m.level = tonumber (string.match (g.level, &quot;^(%d+)&quot;))
  m.xp = tonumber (string.match (g.level, &quot;%((.+)%%%)&quot;))
  m.target = g.target

  raiseEvent (&quot;mData.me&quot;)
end -- func


-- =======
--  Stats
-- =======

mData.stats = mData.stats or {
  hp = 100, mhp = 100, php = 100,
  mp = 100, mmp = 100, pmp = 100,
  ep = 100, mep = 100, pep = 100,
  wp = 100, mwp = 100, pwp = 100,
  xp = 0, rage = 0,
  bal = true, eq = true,
  }

mData.stats.directory = {
  &quot;hp&quot;, &quot;mhp&quot;, &quot;php&quot;,
  &quot;mp&quot;, &quot;mmp&quot;, &quot;pmp&quot;,
  &quot;ep&quot;, &quot;mep&quot;, &quot;pep&quot;,
  &quot;wp&quot;, &quot;mwp&quot;, &quot;pwp&quot;,
  &quot;xp&quot;, &quot;rage&quot;,
  &quot;bal&quot;, &quot;eq&quot;,
  }


mData.stats.parse = function ()
  local g = gmcp.Char.Vitals
  local m = mData.stats

  m.hp = tonumber (g.hp)
  m.mhp = tonumber (g.maxhp)
  m.php = math.floor (m.hp/m.mhp*100)

  m.mp = tonumber (g.mp)
  m.mmp = tonumber (g.maxmp)
  m.pmp = math.floor (m.mp/m.mmp*100)

  m.ep = tonumber (g.ep)
  m.mep = tonumber (g.maxep)
  m.pep = math.floor (m.ep/m.mep*100)

  m.wp = tonumber (g.wp)
  m.mwp = tonumber (g.maxwp)
  m.pwp = math.floor (m.wp/m.mwp*100)

  m.xp = tonumber (g.nl)
  m.rage = tonumber (string.sub (g.charstats[2], 7))

  m.bal = g.bal == &quot;1&quot;
  m.eq = g.eq == &quot;1&quot;

  raiseEvent (&quot;mData.stats&quot;)
end -- func


-- ==========
--  Currency
-- ==========

mData.currency = mData.currency or {
  gold = 0, bgold = 0,
  credits = 0, bcredits = 0,
  crowns = 0, bcrowns = 0,
  lessons = 0,
  }

mData.currency.directory = {
  &quot;gold&quot;, &quot;bgold&quot;, &quot;credits&quot;, &quot;bcredits&quot;,
  &quot;crowns&quot;, &quot;bcrowns&quot;, &quot;lessons&quot;
  }


mData.currency.parse = function ()
  local g = gmcp.Char.Status
  local m = mData.currency

  m.gold = tonumber (g.gold)
  m.bgold = tonumber (g.bank)
  m.credits = tonumber (g.unboundcredits)
  m.bcredits = tonumber (g.boundcredits)
  m.crowns = tonumber (g.mayancrowns)
  m.bcrowns = tonumber (g.boundmayancrowns)
  m.lessons = tonumber (g.lessons)

  raiseEvent (&quot;mData.currency&quot;)
end -- func


-- ======
--  Room
-- ======

mData.room = mData.room or {name = &quot;&quot;, area = &quot;&quot;, env = &quot;&quot;}

mData.room.directory = {&quot;name&quot;, &quot;area&quot;, &quot;env&quot;}


mData.room.parse = function ()
  local m = mData.room
  local g = gmcp.Room.Info

  m.name = g.name
  m.env = g.environment
  m.area = g.area

  raiseEvent (&quot;mData.room&quot;)
end -- func


-- =======
--  Comms
-- =======

mData.comms = mData.comms or {channel = &quot;&quot;, text = &quot;&quot;}

mData.comms.directory = {&quot;channel&quot;, &quot;text&quot;}


mData.comms.parse = function ()
  local text = gmcp.Comm.Channel.Text.text
  local channel = gmcp.Comm.Channel.Text.channel
  if string.sub (channel, 0, 4) == &quot;tell&quot; then
    channel = &quot;tells&quot;
  else
    local list = {}
    for k, v in pairs (gmcp.Comm.Channel.List) do
      list[v.name] = v.caption
    end -- for
    if list[channel] then
      channel = list[channel]
      if string.sub (channel, 0, 8) == &quot;The Clan&quot; then
        channel = string.sub (channel, 13)
      end -- if
    end -- if
  end -- if
  text = string.gsub (text, string.char (27) .. &quot;%[(.-)m&quot;, &quot;&quot;)
  mData.comms.channel = channel
  mData.comms.text = text
  raiseEvent (&quot;mData.comms&quot;)
end -- func


mData.comms.register = function ()
  sendGMCP ('Core.Supports.Add [&quot;Comm.Channel 1&quot;]')
end -- func


-- =========
--  Players
-- =========

mData.players = mData.players or {}

mData.players.list = mData.players.list or {}
mData.players.revlist = mData.players.revlist or {}
mData.players.textlist = mData.players.textlist or &quot;&quot;
mData.players.num = mData.players.num or 0

mData.players.directory = {&quot;list&quot;, &quot;revlist&quot;, &quot;textlist&quot;, &quot;num&quot;}
mData.players.description = {
  &quot;'list' is numerically indexed with player names as the values&quot;,
  &quot;'revlist' is indexed with player names, values are the positions in 'list'&quot;,
  }


mData.players.parselist = function ()
  local g = gmcp.Room.Players
  local m = mData.players
  m.list = {}
  for k, v in pairs (g) do
    m.list[#m.list+1] = v.name
  end -- for
  m.finishlists ()
end -- func


mData.players.parseadd = function ()
  local g = gmcp.Room.AddPlayer
  local m = mData.players
  m.list[#m.list+1] = g.name
  m.finishlists ()
end -- func


mData.players.parseremove = function ()
  local g = gmcp.Room.RemovePlayer
  local m = mData.players
  table.remove (m.list, m.revlist[g])
  m.finishlists ()
end -- func


mData.players.finishlists = function ()
  local m = mData.players
  for k, v in ipairs (m.list) do
    if v == mData.me.name then
      table.remove (m.list, k)
      break
    end -- if
  end -- for
  table.sort (m.list)
  m.revlist = {}
  for k, v in ipairs (m.list) do
    m.revlist[v] = k
  end -- for
  m.textlist = table.concat (m.list, &quot;, &quot;)
  m.num = #m.list
  raiseEvent (&quot;mData.players&quot;)
end -- func


-- =======
--  Items
-- =======

mData.items = mData.items or {}

mData.items.inv = mData.items.inv or {}
mData.items.room = mData.items.room or {}
mData.items.denizens = mData.items.denizens or {}
mData.items.denizenlist = mData.items.denizenlist or {}

mData.items.directory = {&quot;inv&quot;, &quot;room&quot;, &quot;denizens&quot;, &quot;denizenlist&quot;}

mData.items.description = {
  &quot;each table except denizenlist contains tables indexed by the item number&quot;,
  &quot;each item's table contains a name key and keys for each property&quot;,
  &quot;properties: denizen, container, edible, filled, groupable, riftable&quot;,
  &quot;            takeable, wearable, worn, wieldleft, and wieldright&quot;,
  &quot;&quot;,
  &quot;note that two-handed weapons have both wieldleft and wieldright set&quot;,
  &quot;&quot;,
  &quot;to give an example:&quot;,
  &quot;&quot;,
  &quot;mData.items.inv = {&quot;,
  &quot;  [\&quot;123456\&quot;] = {&quot;,
  &quot;    name = \&quot;a dragonskin pack\&quot;,&quot;,
  &quot;    container = true&quot;,
  &quot;    worn = true,&quot;,
  &quot;    },&quot;,
  &quot;  }&quot;,
  &quot;&quot;,
  &quot;denizenlist contains tables indexed by denizen name, with the values as&quot;,
  &quot;the item number of one of the denizens present by that name&quot;,
  }

mData.items.properties = {
  c = &quot;container&quot;,
  e = &quot;edible&quot;,
  f = &quot;filled&quot;,
  g = &quot;groupable&quot;,
  l = &quot;wieldleft&quot;,
  L = &quot;wieldright&quot;,
  m = &quot;denizen&quot;,
  r = &quot;riftable&quot;,
  t = &quot;takeable&quot;,
  W = &quot;wearable&quot;,
  w = &quot;worn&quot;,
  }


mData.items.parselist = function ()
  local g = gmcp.Char.Items.List
  local m = mData.items
  if g.location == &quot;room&quot; then
    m.room = {}
    m.denizens = {}
  elseif g.location == &quot;inv&quot; then
    m.inv = {}
  end -- if
  if g.location == &quot;room&quot; or g.location == &quot;inv&quot; then
    for k, v in pairs (g.items) do
      local location = g.location
      if location == &quot;room&quot; and v.attrib and string.match (v.attrib, &quot;m&quot;) then
        location = &quot;denizens&quot;
      end -- if
      m[location][v.id] = {}
      m[location][v.id].name = v.name
      if v.attrib then
        m.getproperties (location, v.id, v.attrib)
      end -- if
    end -- for
    if g.location == &quot;room&quot; then
      m.getdenizenlist ()
    end -- if
  end -- if
  raiseEvent (&quot;mData.items&quot;)
end -- func


mData.items.parseadd = function ()
  local g = gmcp.Char.Items.Add
  local m = mData.items
  if g.location == &quot;room&quot; or g.location == &quot;inv&quot; then
    local location = g.location
    if location == &quot;room&quot; and g.item.attrib and string.match (g.item.attrib, &quot;m&quot;) then
      location = &quot;denizens&quot;
    end -- if
    m[location][g.item.id] = {}
    m[location][g.item.id].name = g.item.name
    if g.item.attrib then
      m.getproperties (location, g.item.id, g.item.attrib)
    end -- if
    if g.location == &quot;room&quot; then
      m.getdenizenlist ()
    end -- if
  end -- if
  raiseEvent (&quot;mData.items&quot;)
end -- func


mData.items.parseremove = function ()
  local g = gmcp.Char.Items.Remove
  local m = mData.items
  if g.location == &quot;room&quot; or g.location == &quot;inv&quot; then
    local location = g.location
    if location == &quot;room&quot; and g.item.attrib and string.match (g.item.attrib, &quot;m&quot;) then
      location = &quot;denizens&quot;
    end -- if
    m[location][g.item.id] = nil
    if g.location == &quot;room&quot; then
      m.getdenizenlist ()
    end -- if
  end -- if
  raiseEvent (&quot;mData.items&quot;)
end -- func


mData.items.parseupdate = function ()
  local g = gmcp.Char.Items.Update
  local m = mData.items
  if g.location == &quot;room&quot; or g.location == &quot;inv&quot; then
    local location = g.location
    if location == &quot;room&quot; and g.item.attrib and string.match (g.item.attrib, &quot;m&quot;) then
      location = &quot;denizens&quot;
    end -- if
    m[location][g.item.id] = {}
    m[location][g.item.id].name = g.item.name
    if g.item.attrib then
      m.getproperties (location, g.item.id, g.item.attrib)
    end -- if
    if g.location == &quot;room&quot; then
      m.getdenizenlist ()
    end -- if
  end -- if
  raiseEvent (&quot;mData.items&quot;)
end -- func


mData.items.getproperties = function (location, item, attrib)
  local m = mData.items[location][item]
  for k, v in pairs (mData.items.properties) do
    if string.match (attrib, k) then
      m[v] = true
    end -- if
  end -- for
end -- func


mData.items.getdenizenlist = function ()
  local m = mData.items
  m.denizenlist = {}
  for k, v in pairs (m.denizens) do
    m.denizenlist[v.name] = k
  end -- for
end -- func


-- ================
--  Event Handlers
-- ================

do
  local reg = registerAnonymousEventHandler
  
  reg (&quot;gmcp.Char.Status&quot;, &quot;mData.me.parse&quot;)

  reg (&quot;gmcp.Char.Vitals&quot;, &quot;mData.stats.parse&quot;)

  reg (&quot;gmcp.Char.Status&quot;, &quot;mData.currency.parse&quot;)

  reg (&quot;gmcp.Room.Info&quot;, &quot;mData.room.parse&quot;)

  reg (&quot;mData.init&quot;, &quot;mData.comms.register&quot;)
  reg (&quot;gmcp.Comm.Channel.Text&quot;, &quot;mData.comms.parse&quot;)
--  waiting on bug to be fixed so Comm.Channel.List is sent on clan switches
--  reg (&quot;gmcp.Comm.Channel.List&quot;, &quot;mData.comms.getlist&quot;)

  reg (&quot;gmcp.Room.Players&quot;, &quot;mData.players.parselist&quot;)
  reg (&quot;gmcp.Room.AddPlayer&quot;, &quot;mData.players.parseadd&quot;)
  reg (&quot;gmcp.Room.RemovePlayer&quot;, &quot;mData.players.parseremove&quot;)

  reg (&quot;gmcp.Char.Items.List&quot;, &quot;mData.items.parselist&quot;)
  reg (&quot;gmcp.Char.Items.Add&quot;, &quot;mData.items.parseadd&quot;)
  reg (&quot;gmcp.Char.Items.Remove&quot;, &quot;mData.items.parseremove&quot;)
  reg (&quot;gmcp.Char.Items.Update&quot;, &quot;mData.items.parseupdate&quot;)
end -- do


mData.version = &quot;mData 1.1&quot;</script>
            <eventHandlerList/>
        </Script>
    </ScriptPackage>
    <KeyPackage/>
</MudletPackage>
